ligne_production,quantite_produite,quantite_conforme,quantite_non_conforme,taux_retard_livraison,productivite_par_heure,cout_non_qualite,temps_cycle_moyen_min,disponibilite_machine,anomalies_critiques,taux_conformite,taux_non_conformite
Ligne A350,165200,155553,9647,0.37323675181090354,62.97213795101762,4013857.23,58.91263248189096,0.9109896301944338,405,0.9416041162227603,0.05839588377723971
Ligne A320,180315,171632,8683,0.32597266035751843,78.01439871887088,3691090.46,48.894477742726956,0.9106412548194882,407,0.9518453816931481,0.0481546183068519
Ligne A330,149231,141344,7887,0.3396305625524769,68.66008578453972,3318037.24,54.30539672544081,0.9098967254408059,349,0.9471490508004369,0.052850949199563096
Ligne Composite,121991,114542,7449,0.4080578512396694,59.662621654871074,3080052.82,61.91481404958678,0.9094707128099174,341,0.9389381183857826,0.06106188161421744
Ligne Assemblage Cabine,139102,132821,6281,0.31278331822302813,82.31757308715223,2699242.48,46.503087035358114,0.9106747960108794,267,0.954846084168452,0.04515391583154807
